Company Name,Website,City,Segment,What They Make,Revenue Band,Decision Maker,DM Title,DM Background,C1 Manufacturer Score,C1 Evidence,C2 India Score,C2 Evidence,C3 Differentiation Score,C3 Evidence,C4 Tech DM Score,C4 Evidence,C5 Tailwind Score,C5 Evidence,C6 Growth Score,C6 Evidence,Federer Score,Score Band,Verdict,Personalization Hook,Evidence Sources
Nakoda Chemicals Ltd,https://nakodachemical.co.in,Hyderabad,Custom synthesis & specialty chemicals,Pharma chemicals,50–500 Cr,R. K. Agarwal,Managing Director,"Expertise in pharmaceutical sciences, formulations, and bulk drug research.",Strong,"Own manufacturing facility with 140 TPA capacity, multi-purpose blocks, cleanrooms, and validated equipment.",Strong,"Manufacturing facility located in Hyderabad, Telangana, India",Strong,"Manufactures APIs with CEP (EDQM), holds US FDA, WHO-GMP, TGA, Korean FDA approvals, and has multiple DMFs — strong regulatory moat",Strong,Founder & MD Raj Kumar Agrawal is a B.Tech in Chemical Engineering with 35+ years experience,Strong,"Operates in APIs and pharma exports with presence in Europe, North America, South Korea, Australia — export-driven pharma sector",Weak,Export presence exists but no new market entry mentioned,80,A,Strong Federer,Noticed your consistent presence in intermediates — especially your export-driven growth over time.,"Official website, MCA"
Kreative Organics Pvt Ltd,https://kreativeorganics.com,Hyderabad,Complex APIs & regulated pharma,Organic intermediates,50–500 Cr,Ravi Seelamsetty,MD & CEO,Professional background in chemical engineering and technical compliance management.,Strong,Operates two manufacturing units (Hyderabad + Visakhapatnam) producing APIs in-house.,Strong,Headquartered and manufacturing in India,Strong,API manufacturer with GMP-certified facility and evidence of regulated-market customer audits + pharmacopoeial standards (USP/BP/IP/EP).,Strong,Founded and led by Dr. S. Krishnamohan (MD/Chairman) ? explicit doctoral-level technical leadership,Strong,"Operates in API manufacturing for global markets, aligned with export demand and pharma supply-chain tailwinds.",Moderate,Export-oriented business with >90% repeat orders ,90,A,Strong Federer,Your R&D-driven approach to APIs and intermediates stood out — especially your focus on complex molecules.,"Official website, Udyam"
Shodhana Laboratories Ltd,https://shodhana.com,Hyderabad,Complex APIs & regulated pharma,Performance chemicals,50–500 Cr,Dr. P. P. Lal Krishna,MD & CEO,PhD in Environmental Chemistry with 30+ years of experience in bulk drug management.,Strong,"Own production facility in Jeedimetla, Hyderabad manufacturing APIs and intermediates.",Strong,"Manufacturing facility located in Hyderabad, India.",Strong,"API manufacturer with WHO GMP + international regulatory approvals (KFDA, COFEPRIS, TGA) and strong R&D capabilities",Strong,Founder & CEO Dr. Giridhar Thota; prior Sr. VP at Dr. Reddy’s Laboratories ? strong technical/pharma leadership background.,Strong,"Operates in API manufacturing with exports to US, Europe, Australia, Korea, Mexico — global pharma sector",Weak,Export presence exists but no new market entry specified,80,A,Strong Federer,Impressive work in regulated markets — especially your USFDA/EU-GMP compliant manufacturing capabilities.,"Official website, Udyam"
Sapala Organics Pvt Ltd,https://sapalaorganics.com,Hyderabad,Custom synthesis & specialty chemicals,"Specialized nucleosides, nucleic acid building blocks, heterocyclic compounds, oligo phosphoramidites",<50 Cr,Dr. Paidi Yella Reddy,President & CEO,"PhD in Chemistry and former scientist at Nagoya Institute of Technology, Japan.",Strong,Operates a pharmaceutical manufacturing facility in IDA Mallaram and performs custom synthesis + CDMO-scale production (kg to commercial scale,Strong,"Headquartered and manufacturing in Hyderabad, India.",Strong,"Focus on oligonucleotides, nucleic-acid chemistry, and custom phosphoramidites + ISO 9001/27001 + DSIR-recognized R&D ? high technical niche",Strong,"Founded by Dr. Paidi Yella Reddy (organic chemistry R&D background, ex-director-level experience).",Strong,"Operates in CDMO + oligonucleotide/biotech chemistry, aligned with global pharma outsourcing and advanced therapeutics growth",Strong,New 6.5-acre facility with ?60 crore investment ,100,A,Strong Federer,Your focus on custom synthesis and niche intermediates stood out — especially your flexibility in handling varied client needs.,"Official Website, Web Search"
Hygro Chemicals Pharmtek Pvt Ltd,https://hygrochemicals.com,Hyderabad,Complex APIs & regulated pharma,"Pharma intermediates, APIs, fine chemicals",50–500 Cr,P. Srinivas Reddy,Managing Director,Pharmaceutical professional with long-standing experience in bulk drug manufacturing.,Strong,"Operates multiple cGMP-compliant manufacturing plants (API, intermediates, and formulations) across Andhra Pradesh",Strong,Headquartered in Hyderabad with manufacturing units in Andhra Pradesh,Strong,"Produces APIs, advanced intermediates, and formulations with ISO 9001/14001/45001 + GMP + global regulatory approvals (USFDA, EDQM, Japanese authorities).",Weak,"MD and directors listed, but no technical/scientific credentials provided",Strong,"Operates in API + pharma manufacturing, aligned with export markets and global pharma demand",Strong,Multiple manufacturing plants including Pharma City Vizag facility ,80,A,Strong Federer,Your specialization in niche APIs caught my attention — especially your focus on high-quality manufacturing.,"Official Website, Web Search"
Tyche Industries Ltd,https://tycheindustries.com,Hyderabad,Complex APIs & regulated pharma,Pharma intermediates,50-500 Cr,G. Sandeep,Chairman & MD,Management professional with experience in strategic governance for listed chemical entities.,Strong,Own GMP-compliant API manufacturing plant in Kakinada producing APIs and intermediates.,Strong,— Headquartered in Hyderabad with manufacturing operations in Andhra Pradesh.,Strong,— Headquartered in Hyderabad with manufacturing operations in Andhra Pradesh.,Weak,No evidence of technical/scientific background for MD or leadership.,Strong,Operates in APIs/CDMO with export focus to US/EU and regulatory expansion into Brazil (clear pharma tailwinds).,Strong,Meets 2 signals,80,A,Strong Federer,Impressive positioning in oncology intermediates — especially your niche specialization in high-value segments.,"Official website, Udyam"
Sai Fine Chemicals,https://saifinechem.com,Hyderabad,Custom synthesis & specialty chemicals,"Organic fine chemicals, custom synthesis",<50 Cr,Sreenivasa Rao Kotha,Director,,Strong,Two production units in Telangana and in-house manufacturing of organic fine chemicals and intermediates.,Strong,"R&D unit in Hyderabad and manufacturing units in Telangana, India.",Moderate,"Produces technically complex organic compounds (heterocycles, flavones, quinolines, etc.) and has an R&D unit, but no patents or regulatory approvals mentioned.",Strong,Company promoted by doctorates in organic chemistry with expertise in fine chemical synthesis.,Strong,"Operates in fine chemicals with exports to USA, UK, Germany, and Europe — indicating export-oriented sector with global demand.",Weak,"No hiring data, No recent expansion, ISO 9001:2015 is not recent",67.5,B,Probable Federer,"Your focus on fine chemicals caught my attention — especially how you handle niche, low-volume high-value products.","Official website, MCA"
A.R. Life Sciences Pvt Ltd,https://arlifesciences.com,Hyderabad,Custom synthesis & specialty chemicals,"Pharma intermediates (Imatinib, Clopidogrel)",50–500 Cr,Kallam Subbareddy,Managing Director,Post-graduate in science with over 15 years of experience in the bulk drug industry.,Strong,"Operates three manufacturing units (Hyderabad ×2, Vizag) with large reactor capacity and API production infrastructure.",Strong,Headquartered in Hyderabad with multiple manufacturing facilities in India.,Strong,"Manufactures APIs (e.g., Quetiapine fumarate, Rosuvastatin calcium) with GMP, ISO 9001:2015, and USFDA/PMDA-inspected/compliant facilities",Weak,"Executive Director (Krishna Kallam) listed, but no technical/scientific credentials provided.",Strong,"Operates in API and pharmaceutical intermediates, aligned with global pharma demand and export markets",Moderate,"Facility scale-up , export presence",70,B,Probable Federer,Saw your expansion in APIs and intermediates — curious how you're balancing regulated vs semi-regulated markets.,"Official website, MCA, Udyam"
Espi Industries & Chemicals Pvt Ltd,https://espiindia.com,Hyderabad,Custom synthesis & specialty chemicals,Industrial performance chemicals,50–500 Cr,Ashwini Chadda,Managing Director,B.Tech (Chem) and MBA with 26 years of experience in the chemical industry.,Strong,"Operates a 10,000 sq. m in-house manufacturing facility with dedicated blocks for oral liquids, capsules, and sachets",Strong,"Headquartered and manufacturing in Hyderabad, India",Strong,WHO-GMP approved pharmaceutical formulations facility with GLP R&D center and specialized oral-liquid focus.,Weak,"MD (Ashwini Chadda) and Director listed, but no technical/scientific credentials provided.",Strong,"Operates in pharmaceutical formulations, a sector with strong domestic and export tailwinds.",Moderate,Facility scale + modernization + GLP R&D ,70,B,Probable Federer,Noticed your long-standing presence in chemical manufacturing — curious how you've evolved your product portfolio over time.,"Official website, BDMA"
Veer Chemie & Aromatics Pvt Ltd,https://veerchemie.com,Hyderabad,Custom synthesis & specialty chemicals,"Aromatics, intermediates",50-500 Cr,V. Muralidhar,Managing Director,,Strong,Own WHO-GMP-inspected manufacturing plant in Balanagar with defined production capacity and in-house API production,Strong,Hyderabad-based with clearly identified manufacturing facility in Telangana.,Strong,Identified as one of the largest global manufacturers of Vitamin B3 (Niacin/Niacinamide) with WHO-GMP certification and specialized nutrition/API overlap,Weak,No evidence provided of technical/scientific background for the Managing Director or leadership,Strong,"Operates in APIs, nutrition chemicals, and exports to multinational clients across five continents (clear pharma + export tailwinds).",Moderate,"1 signal: strong export presence and multinational client base (financial/export signal), but no second qualifying signal (no recent expansion, hiring data, or new certifications within 2 years).",70,B,Probable Federer,Your work in aromatics and intermediates stood out — especially how you cater to industrial applications.,"Official website, MCA"
Srini Chem,https://srinichem.com,Hyderabad,Custom synthesis & specialty chemicals,"Fine/specialty chemicals, oncology intermediates",<50 Cr,,,,Strong,Listed as GST “Manufacturer” and has a likely industrial unit in IDA Phashamylaram; produces pharma intermediates and reagents in-house.,Strong,Headquartered in Hyderabad with manufacturing presence in Telangana.,Moderate,"Produces oncology intermediates and pharma-grade specialty chemicals (technical niche), but no patents, certifications, or regulatory approvals documented",Weak,"Founder described as a first-generation entrepreneur in pharma chemicals, but no explicit technical credentials (PhD, engineering, research background) mentioned.",Strong,Operates in pharmaceutical intermediates and specialty chemicals — a sector aligned with China+1 and pharma supply-chain tailwinds.,Weak,"No hiring data, No recent expansion, ISO 9001:2015 is not recent",47.5,C,Borderline,Noticed your work in intermediates — especially interested in how you scale from pilot to commercial production efficiently.,"Official website, MCA"
Bondbay Pharmaceuticals Pvt Ltd,https://bondbaypharma.com,Hyderabad,Complex APIs & regulated pharma,Pharma intermediates,<50 Cr,Goli Venkata Ramireddy,Director,Post-graduate in science with over 8 years of professional experience in pharmaceuticals.,Strong,Listed as a manufacturer with a defined EPIP Patancheru production facility producing APIs and intermediates.,Strong,"Manufacturing facility located in Hyderabad, Telangana, India",Moderate,"Manufactures APIs (e.g., Terbinafine HCl, Ezetimibe, PPIs, cardiovascular drugs), but no GMP/ISO/USFDA/DSIR certifications or proprietary claims documented.",Weak,"Founder (Sridhar Reddy) and directors listed, but no technical/scientific credentials provided.",Strong,"Operates in APIs and pharma intermediates, a sector with export demand and structural tailwinds.",Moderate,1/5 signals ,57.5,C,Borderline,Saw your positioning in pharma manufacturing — curious how you're differentiating in a competitive API landscape.,"Official website, MCA"
Dinakara Life Sciences Pvt Ltd,https://virujgroup.com,Hyderabad,Custom synthesis & specialty chemicals,Life sciences chemicals,<50 Cr,Murali Mohan Rao Chunduru,Director,,Strong,Operates a manufacturing plant in Andhra Pradesh producing APIs and drug intermediates,Strong,"Manufacturing facility in Krishna district, Andhra Pradesh, with additional operations in Hyderabad",Moderate,"Manufactures APIs and advanced intermediates (e.g., Clopidogrel, Telmisartan), but no regulatory approvals (USFDA, EDQM) or patents mentioned.",Weak,Leadership roles described functionally; no technical/scientific credentials provided,Strong,Operates in APIs and pharma intermediates — a globally relevant pharmaceutical manufacturing sector,Moderate,Active hiring across multiple technical roles ,57.5,C,Borderline,Noticed your work in chemical intermediates — especially how you're building scale within a specialized segment.,"Official website, MCA"
Novasyn Organics Pvt Ltd,https://novasynorganics.com,Hyderabad,Custom synthesis & specialty chemicals,Organic pharma intermediates,<50 Cr,Rajesh Shantilal Shah,Director,,Strong,"Operates an integrated production facility with in-house R&D lab and pilot plant, producing pyridine compounds.",Strong,Based in Secunderabad/Hyderabad with manufacturing operations in India,Moderate,"Focus on multi-step synthesis of substituted pyridine compounds (niche chemistry) with in-house R&D, but only ISO 9001:2015 certification and no regulatory approvals (USFDA/DSIR/patents).",Weak,"MD (Rajasekhar Reddy) identified, but no technical/scientific credentials provided.",Strong,"Operates in fine chemicals / pharma intermediates, aligned with specialty-chemicals and pharma supply-chain tailwinds",Weak,No recent expansion announcements,47.5,C,Borderline,Your focus on specialty chemicals and custom synthesis stood out — especially the range of intermediates you offer.,"Official website, MCA"
Shobha Life Sciences,https://shobhalifesciences.com,Hyderabad,Custom synthesis & specialty chemicals,"Active pharmaceutical ingredients (APIs), pharma intermediates like Ezetimibe",<50 Cr,K. Santosh Reddy,Managing Director,10 years of experience in the manufacturing sector and industrial operations.,Moderate,"Claims API manufacturing with listed facility locations, but no clear plant/production infrastructure details provided",Strong,"Operations based in Hyderabad, Telangana, India.",Moderate,"Manufactures APIs (e.g., Dapagliflozin, Sitagliptin), and holds WHO-GMP/ISO, but no advanced regulatory approvals (USFDA, EDQM) or patents mentioned.",Weak,"Founder named, but no technical/scientific background provided",Strong,Operates in API manufacturing — a strong pharmaceutical sector,Moderate,"Certifications exist (WHO-GMP, ISO), and company established recently (2021), but no confirmation certifications are recent or additional signals like hiring/expansion",52.5,C,Borderline,Your combination of synthesis and manufacturing caught my attention — especially how you transition from lab to plant scale.,"Official Website, Web Search"
Sris Synthesis Pvt Ltd,https://srissynthesis.com,Hyderabad,Custom synthesis & specialty chemicals,"Organic intermediates, custom synthesis chemicals",<50 Cr,Dr. B. Rama Rao,Director,PhD in Organic Chemistry with a focus on chemical synthesis and research.,Strong,Has a physical plant in Gajularamaram performing custom synthesis and scale-up (lab-to-multi-ton production).,Strong,"Based and manufacturing in Hyderabad, India",Moderate,"Works on custom API intermediates, CRO-style synthesis, and fine chemicals (technical niche), but no GMP/USFDA/DSIR/patents; only ISO-aligned (not clearly certified).",Weak,No named founder/MD with technical credentials provided.,Strong,"Operates in API intermediates and specialty chemicals, aligned with pharma outsourcing and global supply-chain tailwinds",Moderate,Export-oriented positioning ,57.5,C,Borderline,Saw your work in specialty intermediates — especially your ability to handle complex synthesis requirements.,"Official Website, Web Search"
Lucent Drugs,https://lucentdrugs.com,Hyderabad,Complex APIs & regulated pharma,"APIs & pharma intermediates (Tramadol HCl, Tapentadol HCl, Carboprost Tromethamine, Misoprostol)",<50 Cr,V. Ravichandran,Managing Director,Experienced in pharmaceutical manufacturing and industrial scaling.,Strong,"Own facility with reactors, distillation systems, and process infrastructure for API/intermediate manufacturing",Strong,"Manufacturing facility located in Telangana, India.",Moderate,"Produces APIs and intermediates with advanced equipment, but no high-barrier regulatory approvals (USFDA, EDQM) or patents mentioned.",Weak,"Directors listed, but no technical/scientific background provided",Strong,Operates in APIs and pharmaceutical intermediates — a strong pharma sector.,Weak,Export activity mentioned but no new market entry specified,47.5,C,Borderline,Noticed your presence in API manufacturing — especially your positioning in semi-regulated markets.,"Official Website, Web Search"
Kekule Pharma,https://kekulepharma.com,Hyderabad,Complex APIs & regulated pharma,"API intermediates and APIs (Nintedanib Esylate, Pirfenidone, Abiraterone Acetate, Bortezomib, Imatinib)",50–500 Cr,Kudaravalli Sridhar,Managing Director,PhD holder with over 23 years of specialized expertise in the pharmaceutical sector.,Strong,Three manufacturing units with advanced reactor systems and process capabilities for API production,Strong,"Manufacturing facilities located in Telangana, India",Moderate,"Manufactures oncology APIs (higher complexity) and holds cGMP/WHO-GMP, but no USFDA/EDQM or similar high-barrier approvals mentioned.",Weak,"Leadership roles listed, but no technical/scientific background provided",Strong,Operates in APIs including oncology drugs with exports to 44+ countries — global pharma sector.,Moderate,Appointment of new Chief Commercial Officer in Jan 2026 ? 1 qualifying signal (organizational expansion),57.5,C,Borderline,Your scale in API manufacturing is impressive — especially how you've built capacity across multiple product lines.,"Official Website, Web Search"
Sain Industries Pvt Ltd,https://saingroup.com,Hyderabad,Performance chemicals,"Pharma intermediates, APIs",50–500 Cr,Sunil Kumar Aggarwal,Director,,Strong,"Own large-scale formulation manufacturing facility (85,000 sq. ft.) producing tablets, capsules, syrups, etc",Strong,"Manufacturing unit located in Hyderabad, India",Moderate,"Produces finished dosage formulations with WHO-GMP and global presence, but no USFDA/EU-GMP or proprietary/IP-based differentiation mentioned",Moderate,"Chairman has 40+ years pharma experience, but no explicit technical/scientific credentials provided",Strong,Operates in pharmaceutical formulations with presence in 27+ countries,Weak,Global presence exists but no new market entry specified,57.5,C,Borderline,Interesting to see your diversified industrial chemicals portfolio — especially how you manage multiple verticals.,"Official Website, Web Search"
Suvvi Chemical,https://suvvichemical.com,Hyderabad,Custom synthesis & specialty chemicals,Heterocyclic specialty chemicals and custom raw materials,<50 Cr,S. V. R. Reddy,Director,,Weak,"Described as a contract development and manufacturing service provider, but no plant/facility details confirming in-house production.",Strong,"Located in Hyderabad, India",Moderate,"Focus on custom synthesis and heterocyclic specialty chemicals indicates technical work, but no patents, R&D center, or regulatory approvals mentioned",Weak,No leadership or technical background provided.,Strong,No leadership or technical background provided.,Moderate,"No additional signals (hiring, expansion, certifications, financials)",47.5,C,Borderline,Saw your focus on specialty intermediates — especially your positioning in export-oriented manufacturing.,"Official Website, MSME / Industry Directory"
Vishnu Priya Chemicals Pvt Ltd,https://vishnupriya.in,Hyderabad,Custom synthesis & specialty chemicals,"Specialty inorganic/organic chemicals, pharma intermediates, water treatment chemicals",<50 Cr,Bodicherla Sreeramulu Naidu,Director,Experienced in chemical manufacturing and corporate management since 2005.,Strong, Operates a “state-of-the-art manufacturing facility” producing inorganic and specialty chemicals in-house,Strong,"Manufacturing facility located in Telangana, India",Weak,"Products listed (acetates, nitrates, carbonates, chlorides, hydroxides) are standard chemical categories; no mention of patents, R&D center, or regulatory approvals.",Weak,"Directors listed, but no technical/scientific background provided",Moderate,"Supplies chemicals for multiple industries (water treatment, food, catalysts), indicating a stable, broad industrial sector — but no explicit tailwinds (PLI, China+1, etc.) mentioned.",Weak,"No hiring data, No recent expansion, ISO 9001:2015 is not recent",25,D,Fail,Saw your focus on chemical manufacturing capabilities — curious how you position your products across export vs domestic markets.,"Official website, MCA, Web/MCA "
MYK Arment Private Limited,https://mykarment.com,Hyderabad,Performance chemicals,"Polymer additives, coatings",50–500 Cr,K. Hari Kumar,Managing Director,Industry leader with extensive experience in construction chemicals and dyes manufacturing.,Strong,"Produces construction chemicals at multiple manufacturing facilities (Hyderabad, Bhiwandi, Kolkata, Vapi).",Strong,Headquartered in Hyderabad with multiple manufacturing locations in India.,Moderate,"Offers a wide range of construction chemical products (admixtures, coatings, sealants, waterproofing systems), but no patents, R&D center, or regulatory approvals mentioned.",Weak,No founder or leadership technical background information provided.,Moderate,"Operates in construction chemicals — a stable industrial sector, but no explicit tailwinds (PLI, exports, government push) mentioned.",Weak,"No hiring data, No recent expansion, ISO 9001:2015 is not recent",37.5,D,Fail,Really interesting to see your strong position in construction chemicals — especially your pan-India distribution strength.,"Official website, MCA"
Sravani Life Sciences,https://sravanilifesciences.com,Hyderabad,Custom synthesis & specialty chemicals,Life sciences intermediates,<50 Cr,Rambabu Gunti,Managing Director,Over 20 years of experience in API manufacturing and pharmaceutical operations.,Weak,"Claims to manufacture API intermediates, but no manufacturing facility or plant is specified — only a residential-style address is provided",Strong,"Located in Hyderabad, India.",Moderate,"Works on API intermediates for complex drugs (Etoricoxib, Irbesartan, etc.), but no patents, certifications, or R&D infrastructure mentioned",Weak,No leadership or founder background provided,Strong,Operates in pharmaceutical intermediates — a globally relevant pharma sector.,Weak,"No hiring data, No recent expansion, ISO 9001:2015 is not recent",37.5,D,Fail,Saw your focus on intermediates and APIs — especially interested in how you're expanding into regulated markets.,"Official website, Udyam"
Sychar Chemicals,https://sycharchemicals.com,Hyderabad,Custom synthesis & specialty chemicals,Specialty chemicals,<50 Cr,Nageswara Rao,Proprietor,,Weak,"Explicitly described as a trader/dealer of chemicals and coal briquettes, with no manufacturing facility.",Strong,"Manufacturing facility located in Hyderabad, India.",Weak,"Trades commodity solvents and chemicals, with no proprietary products, certifications, or technical differentiation.",Weak,"MD and Director listed, but no technical/scientific credentials provided",Moderate,"Operates in industrial chemicals trading, a stable but non-specialized segment without clear tailwinds.",Weak,"No hiring data, No recent expansion, ISO 9001:2015 is not recent",15,D,Fail,Noticed your focus on custom synthesis — curious how you manage scale while staying flexible for niche requirements.,"Official Website, Zauba/Directories"
Stereokem Pvt Ltd,https://stereokem.com,Hyderabad,Custom synthesis & specialty chemicals,Chiral intermediates and custom synthesized specialty molecules,<50 Cr,B. Ravindra Babu,Managing Director,Expert in pharmaceutical chemical processes and management.,Strong,Explicitly described as a manufacturer with GST-registered production setup and specific chemical products produced in-house,Strong,Hyderabad-based with manufacturing presence at IDA-Uppal.,Moderate,"Produces specialty chemicals (e.g., fluorinated pyridine, cyclopropane derivatives), but no patents, GMP, ISO, or regulatory approvals cited.",Weak,No evidence of technical/scientific background for founders/directors.,Moderate,"Industrial/fine chemicals sector with export activity, but no explicit tailwinds (PLI, China+1, etc.) stated",Weak,"No hiring, expansion, new certifications, or financial growth signals meeting threshold criteria",37.5,D,Fail,Noticed your expertise in chiral intermediates — especially your focus on stereochemistry-driven synthesis.,"Official Website, Contract Research Maps"
Chemit Laboratories,https://chemit.in,Hyderabad,Custom synthesis & specialty chemicals,Chemical products,<50 Cr,K. Ramakrishna,Managing Director,,Weak,"Claims manufacturing, but no plant/factory details provided and address appears commercial/residential; also engages in trading.",Strong,"Located in Hyderabad, India",Moderate,"Mix of APIs, intermediates, pellets, and industrial chemicals; some technical depth, but no patents, regulatory approvals, or R&D infrastructure mentioned",Weak,"CEO listed, but no technical/scientific background provided",Strong,Operates across pharma and specialty chemicals.,Weak,"No hiring data, No recent expansion, ISO 9001:2015 is not recent",37.5,D,Fail,Noticed your chemical manufacturing capabilities — especially your focus on customized product development.,"Official website, MCA"
